"user_id";"name";"state";"city"
1;"Bharat";"Gujarat";"Ahmedabad"
2;"Pearl";"Maharashtra";"Pune"
3;"Jahan";"Madhya Pradesh";"Bhopal"
4;"Divsha";"Rajasthan";"Jaipur"
5;"Kasheen";"West Bengal";"Kolkata"
6;"Hazel";"Karnataka";"Bangalore"
7;"Sonakshi";"Jammu and Kashmir";"Kashmir"
8;"Aarushi";"Tamil Nadu";"Chennai"
9;"Jitesh";"Uttar Pradesh";"Lucknow"
10;"Yogesh";"Bihar";"Patna"
11;"Anita";"Kerala ";"Thiruvananthapuram"
12;"Shrichand";"Punjab";"Chandigarh"
13;"Mukesh";"Haryana";"Chandigarh"
14;"Vandana";"Himachal Pradesh";"Simla"
15;"Bhavna";"Sikkim";"Gangtok"
16;"Kanak";"Goa";"Goa"
17;"Sagar";"Nagaland";"Kohima"
18;"Manju";"Andhra Pradesh";"Hyderabad"
19;"Ramesh";"Gujarat";"Ahmedabad"
20;"Sarita";"Maharashtra";"Pune"
21;"Deepak";"Madhya Pradesh";"Bhopal"
22;"Monisha";"Rajasthan";"Jaipur"
23;"Atharv";"West Bengal";"Kolkata"
24;"Vini";"Karnataka";"Bangalore"
25;"Pinky";"Jammu and Kashmir";"Kashmir"
26;"Bhishm";"Maharashtra";"Mumbai"
27;"Hitika";"Madhya Pradesh";"Indore"
28;"Pooja";"Bihar";"Patna"
29;"Hemant";"Kerala ";"Thiruvananthapuram"
30;"Sahil";"Punjab";"Chandigarh"
31;"Ritu";"Haryana";"Chandigarh"
32;"Manish";"Himachal Pradesh";"Simla"
33;"Amit";"Sikkim";"Gangtok"
34;"Sanjay";"Goa";"Goa"
35;"Nidhi";"Nagaland";"Kohima"
36;"Nishi";"Maharashtra";"Mumbai"
37;"Ashmi";"Madhya Pradesh";"Indore"
38;"Parth";"Maharashtra";"Pune"
39;"Lisha";"Madhya Pradesh";"Bhopal"
40;"Paridhi";"Rajasthan";"Jaipur"
41;"Parishi";"West Bengal";"Kolkata"
42;"Ajay";"Karnataka";"Bangalore"
43;"Kirti";"Jammu and Kashmir";"Kashmir"
44;"Mayank";"Maharashtra";"Mumbai"
45;"Yaanvi";"Madhya Pradesh";"Indore"
46;"Sonal";"Bihar";"Patna"
47;"Sharda";"Kerala ";"Thiruvananthapuram"
48;"Aditya";"Punjab";"Chandigarh"
49;"Rachna";"Haryana";"Chandigarh"
50;"Chirag";"Maharashtra";"Mumbai"
51;"Anurag";"Madhya Pradesh";"Indore"
52;"Tushina";"Goa";"Goa"
53;"Farah";"Nagaland";"Kohima"
54;"Sabah";"Maharashtra";"Mumbai"
55;"Nida";"Madhya Pradesh";"Indore"
56;"Priyanka";"Maharashtra";"Pune"
57;"Tulika";"Madhya Pradesh";"Bhopal"
58;"Shefali";"Rajasthan";"Jaipur"
59;"Sanskriti";"West Bengal";"Kolkata"
60;"Shruti";"Karnataka";"Bangalore"
61;"Subhashree";"Jammu and Kashmir";"Kashmir"
62;"Sweta";"Maharashtra";"Mumbai"
63;"Pournamasi";"Madhya Pradesh";"Indore"
64;"Pratyusmita";"Bihar";"Patna"
65;"Chayanika";"Kerala ";"Thiruvananthapuram"
66;"Tanvi";"Punjab";"Chandigarh"
67;"Anjali";"Haryana";"Chandigarh"
68;"Rhea";"Himachal Pradesh";"Simla"
69;"Piyali";"Sikkim";"Gangtok"
70;"Charika";"Goa";"Goa"
71;"Mitali";"Nagaland";"Kohima"
72;"Akanksha";"Andhra Pradesh";"Hyderabad"
73;"Arsheen";"Gujarat";"Ahmedabad"
74;"Mahima";"Maharashtra";"Pune"
75;"Shreya";"Madhya Pradesh";"Bhopal"
76;"Chandni";"Rajasthan";"Jaipur"
77;"Ekta";"West Bengal";"Kolkata"
78;"Bathina";"Karnataka";"Bangalore"
79;"Avni";"Maharashtra";"Mumbai"
80;"Aayushi";"Madhya Pradesh";"Indore"
81;"Bhawna";"Madhya Pradesh";"Indore"
82;"Krutika";"Bihar";"Patna"
83;"Shreya";"Kerala ";"Thiruvananthapuram"
84;"Samiksha";"Maharashtra";"Mumbai"
85;"Sheetal";"Madhya Pradesh";"Indore"
86;"Pooja";"Himachal Pradesh";"Simla"
87;"Sanjna";"Maharashtra";"Mumbai"
88;"Swetha";"Madhya Pradesh";"Indore"
89;"Bhaggyasree";"Maharashtra";"Mumbai"
90;"Gunjan";"Madhya Pradesh";"Indore"
91;"Akancha";"Maharashtra";"Mumbai"
92;"Rashmi";"Madhya Pradesh";"Indore"
93;"Parna";"Madhya Pradesh";"Bhopal"
94;"Subhasmita";"Rajasthan";"Jaipur"
95;"Suhani";"West Bengal";"Kolkata"
96;"Noopur";"Karnataka";"Bangalore"
97;"Vijay";"Jammu and Kashmir";"Kashmir"
98;"Amisha";"Tamil Nadu";"Chennai"
99;"Kritika";"Uttar Pradesh";"Lucknow"
100;"Shubhi";"Maharashtra";"Mumbai"
101;"Maithilee";"Madhya Pradesh";"Indore"
102;"Shaily";"Maharashtra";"Mumbai"
103;"Ekta";"Madhya Pradesh";"Indore"
104;"Riya";"Maharashtra";"Mumbai"
105;"Shweta";"Madhya Pradesh";"Indore"
106;"Swetlana";"Goa";"Goa"
107;"Shivani";"Maharashtra";"Mumbai"
108;"Kishwar";"Madhya Pradesh";"Indore"
109;"Aakanksha";"Madhya Pradesh";"Indore"
110;"Megha";"Maharashtra";"Pune"
111;"Sakshi";"Madhya Pradesh";"Bhopal"
112;"Adhvaita";"Rajasthan";"Jaipur"
113;"Raksha";"West Bengal";"Kolkata"
114;"Stuti";"Karnataka";"Bangalore"
115;"Srishti";"Jammu and Kashmir";"Kashmir"
116;"Surabhi";"Tamil Nadu";"Chennai"
117;"Manshul";"Uttar Pradesh";"Lucknow"
118;"Anjali";"Maharashtra";"Mumbai"
120;"Namrata";"Punjab";"Chandigarh"
121;"Anchal";"Haryana";"Chandigarh"
122;"Inderpreet";"Himachal Pradesh";"Simla"
123;"Wale";"Maharashtra";"Mumbai"
125;"Anisha";"Nagaland";"Kohima"
126;"Kiran";"Maharashtra";"Mumbai"
127;"Turumella";"Madhya Pradesh";"Indore"
128;"Ameesha";"Maharashtra";"Pune"
129;"Madhulika";"Madhya Pradesh";"Bhopal"
130;"Rishabh";"Rajasthan";"Jaipur"
131;"Akash";"West Bengal";"Kolkata"
132;"Anubhaw";"Karnataka";"Bangalore"
133;"Dhirajendu";"Maharashtra";"Mumbai"
134;"Pranav";"Madhya Pradesh";"Indore"
135;"Arindam";"Uttar Pradesh";"Lucknow"
136;"Akshat";"Maharashtra";"Mumbai"
137;"Shubham";"Madhya Pradesh";"Indore"
138;"Ayush";"Punjab";"Chandigarh"
139;"Daksh";"Haryana";"Chandigarh"
140;"Rane";"Maharashtra";"Mumbai"
141;"Navdeep";"Madhya Pradesh";"Indore"
142;"Ashwin";"Goa";"Goa"
143;"Aman";"Nagaland";"Kohima"
144;"Devendra";"Andhra Pradesh";"Hyderabad"
145;"Kartik";"Gujarat";"Ahmedabad"
146;"Shivam";"Maharashtra";"Pune"
147;"Harsh";"Madhya Pradesh";"Bhopal"
148;"Nitant";"Rajasthan";"Jaipur"
149;"Ayush";"Maharashtra";"Mumbai"
150;"Priyanshu";"Madhya Pradesh";"Indore"
151;"Nishant";"Maharashtra";"Mumbai"
152;"Vaibhav";"Madhya Pradesh";"Indore"
153;"Shivam";"Uttar Pradesh";"Lucknow"
154;"Akshay";"Bihar";"Patna"
155;"Shourya";"Kerala ";"Thiruvananthapuram"
156;"Mohan";"Maharashtra";"Mumbai"
157;"Mohit";"Madhya Pradesh";"Indore"
158;"Shubham";"Himachal Pradesh";"Simla"
159;"Soumya";"Sikkim";"Gangtok"
160;"Pooja";"Goa";"Goa"
161;"Surabhi";"Maharashtra";"Mumbai"
162;"Anudeep";"Madhya Pradesh";"Indore"
163;"Noshiba";"Gujarat";"Ahmedabad"
164;"Sanjova";"Maharashtra";"Pune"
165;"Meghana";"Madhya Pradesh";"Bhopal"
166;"Surabhi";"Rajasthan";"Jaipur"
167;"Ashmeet";"West Bengal";"Kolkata"
168;"Shreyoshe";"Karnataka";"Bangalore"
169;"Surbhi";"Maharashtra";"Mumbai"
170;"Sakshi";"Madhya Pradesh";"Indore"
171;"Vaibhavi";"Uttar Pradesh";"Lucknow"
172;"Sanjana";"Bihar";"Patna"
174;"Snehal";"Punjab";"Chandigarh"
175;"Duhita";"Haryana";"Chandigarh"
176;"Mousam";"Maharashtra";"Mumbai"
177;"Aditi";"Madhya Pradesh";"Indore"
179;"Savi";"Madhya Pradesh";"Indore"
180;"Teena";"Andhra Pradesh";"Hyderabad"
181;"Rutuja";"Gujarat";"Ahmedabad"
182;"Aayushi";"Maharashtra";"Mumbai"
183;"Shivangi";"Madhya Pradesh";"Indore"
184;"Rohit";"Rajasthan";"Jaipur"
185;"Ayush";"West Bengal";"Kolkata"
186;"Abhishek";"Karnataka";"Bangalore"
187;"Asish";"Jammu and Kashmir";"Kashmir"
188;"Dinesh";"Tamil Nadu";"Chennai"
189;"Akshay";"Uttar Pradesh";"Lucknow"
190;"Sajal";"Bihar";"Patna"
191;"Avish";"Kerala ";"Thiruvananthapuram"
192;"Abhishek";"Maharashtra";"Mumbai"
193;"Siddharth";"Madhya Pradesh";"Indore"
194;"Aditya";"Himachal Pradesh";"Simla"
195;"Sukant";"Sikkim";"Gangtok"
196;"Sukrith";"Maharashtra";"Mumbai"
197;"Sauptik";"Madhya Pradesh";"Indore"
198;"Shishu";"Andhra Pradesh";"Hyderabad"
199;"Divyansh";"Gujarat";"Ahmedabad"
200;"Ishit";"Maharashtra";"Pune"
201;"Aryan";"Madhya Pradesh";"Bhopal"
202;"Yash";"Maharashtra";"Mumbai"
203;"Shivanshu";"Madhya Pradesh";"Indore"
204;"Sudheer";"Karnataka";"Bangalore"
205;"Ankit";"Maharashtra";"Mumbai"
206;"Dhanraj";"Madhya Pradesh";"Indore"
207;"Vipul";"Uttar Pradesh";"Lucknow"
208;"Apsingekar";"Bihar";"Patna"
209;"Suman";"Kerala ";"Thiruvananthapuram"
210;"Nripraj";"Punjab";"Chandigarh"
211;"Utsav";"Maharashtra";"Mumbai"
212;"Kshitij";"Madhya Pradesh";"Indore"
213;"Hrisheekesh";"Maharashtra";"Mumbai"
214;"Swapnil";"Madhya Pradesh";"Indore"
215;"Harsh";"Nagaland";"Kohima"
216;"Mane";"Andhra Pradesh";"Hyderabad"
217;"Praneet";"Maharashtra";"Mumbai"
218;"Sandeep";"Madhya Pradesh";"Indore"
219;"Ankur";"Madhya Pradesh";"Bhopal"
220;"Dheeraj";"Rajasthan";"Jaipur"
221;"Ajay";"West Bengal";"Kolkata"
222;"Tejas";"Karnataka";"Bangalore"
223;"Rohan";"Maharashtra";"Mumbai"
224;"Shyam";"Madhya Pradesh";"Indore"
225;"Kartik";"Madhya Pradesh";"Indore"
226;"Tanushree";"Maharashtra";"Mumbai"
228;"Nikita";"Punjab";"Chandigarh"
229;"Apoorva";"Haryana";"Chandigarh"
230;"Aastha";"Himachal Pradesh";"Simla"
231;"Mahima";"Sikkim";"Gangtok"
232;"Harshita";"Maharashtra";"Mumbai"
233;"Krishna";"Madhya Pradesh";"Indore"
234;"Ananya";"Andhra Pradesh";"Hyderabad"
235;"Moumita";"Gujarat";"Ahmedabad"
236;"Arti";"Maharashtra";"Pune"
237;"Palak";"Maharashtra";"Mumbai"
238;"Sanjana";"Madhya Pradesh";"Indore"
239;"Pranjali";"West Bengal";"Kolkata"
240;"Sneha";"Karnataka";"Bangalore"
241;"Ashvini";"Maharashtra";"Mumbai"
243;"Mrunal";"Maharashtra";"Mumbai"
244;"Swati";"Madhya Pradesh";"Indore"
245;"Snel";"Kerala ";"Thiruvananthapuram"
246;"Soodesh";"Punjab";"Chandigarh"
247;"Aniket";"Haryana";"Chandigarh"
248;"Rohan";"Himachal Pradesh";"Simla"
249;"K";"Sikkim";"Gangtok"
250;"Abhishek";"Goa";"Goa"
251;"Kushal";"Nagaland";"Kohima"
252;"Soumyabrata";"Andhra Pradesh";"Hyderabad"
253;"Gaurav";"Gujarat";"Ahmedabad"
254;"Shubham";"Maharashtra";"Pune"
255;"Abhijeet";"Madhya Pradesh";"Bhopal"
256;"Abhijeet";"Maharashtra";"Mumbai"
257;"Anand";"Madhya Pradesh";"Indore"
258;"Swapnil";"Maharashtra";"Mumbai"
259;"Chikku";"Madhya Pradesh";"Indore"
260;"Akshay";"Tamil Nadu";"Chennai"
261;"Aayush";"Uttar Pradesh";"Lucknow"
262;"Amol";"Bihar";"Patna"
263;"Manibalan";"Kerala ";"Thiruvananthapuram"
264;"Aromal";"Maharashtra";"Mumbai"
265;"Arun";"Madhya Pradesh";"Indore"
266;"Komal";"Himachal Pradesh";"Simla"
267;"Ankit";"Sikkim";"Gangtok"
268;"Vikash";"Goa";"Goa"
269;"Parakh";"Nagaland";"Kohima"
270;"Pranav";"Andhra Pradesh";"Hyderabad"
271;"Gunjal";"Gujarat";"Surat"
272;"Saurabh";"Maharashtra";"Mumbai"
273;"Divyeta";"Madhya Pradesh";"Indore"
274;"Megha";"Rajasthan";"Udaipur"
275;"Divyeshkumar";"Uttar Pradesh";"Allahabad"
276;"Bhosale";"Punjab";"Amritsar"
277;"Dashyam";"Gujarat";"Surat"
278;"Mrinal";"Maharashtra";"Mumbai"
280;"Apoorv";"Rajasthan";"Udaipur"
281;"Pooja";"Uttar Pradesh";"Allahabad"
282;"Masurkar";"Punjab";"Amritsar"
283;"Saptadeep";"Gujarat";"Surat"
284;"Sumeet";"Maharashtra";"Mumbai"
285;"Shatayu";"Madhya Pradesh";"Indore"
286;"Brijesh";"Rajasthan";"Udaipur"
287;"Vedant";"Uttar Pradesh";"Allahabad"
288;"Rohan";"Punjab";"Amritsar"
289;"Abhishek";"Gujarat";"Surat"
290;"Divyansha";"Maharashtra";"Mumbai"
291;"Shivani";"Madhya Pradesh";"Indore"
292;"Aditi";"Rajasthan";"Udaipur"
293;"Aashna";"Uttar Pradesh";"Allahabad"
294;"Monu";"Punjab";"Amritsar"
295;"Sathya";"Gujarat";"Surat"
296;"Aman";"Maharashtra";"Mumbai"
297;"Rohan";"Madhya Pradesh";"Indore"
298;"Abhishek";"Rajasthan";"Udaipur"
299;"Aishwarya";"Uttar Pradesh";"Allahabad"
300;"Anand";"Punjab";"Amritsar"
301;"Suraj";"Gujarat";"Surat"
302;"Ishpreet";"Maharashtra";"Mumbai"
303;"Amlan";"Madhya Pradesh";"Indore"
304;"Swapnil";"Delhi";"Delhi"
305;"Bhargav";"Madhya Pradesh";"Delhi"
306;"Abhijit";"Delhi";"Delhi"
307;"Jaydeep";"Madhya Pradesh";"Bhopal"
308;"Pradeep";"Delhi";"Delhi"
309;"Sujay";"Madhya Pradesh";"Delhi"
310;"Jay";"Delhi";"Delhi"
311;"Phalguni";"Madhya Pradesh";"Bhopal"
312;"Preksha";"Delhi";"Delhi"
313;"Geetanjali";"Madhya Pradesh";"Delhi"
314;"Kajal";"Delhi";"Delhi"
315;"Sukruta";"Punjab";"Amritsar"
316;"Utkarsh";"Gujarat";"Surat"
317;"Sanjay";"Maharashtra";"Mumbai"
318;"Karandeep";"Madhya Pradesh";"Indore"
319;"Neha";"Rajasthan";"Udaipur"
320;"Jayanti";"Uttar Pradesh";"Allahabad"
321;"Sandra";"Punjab";"Amritsar"
322;"Akshata";"Gujarat";"Surat"
323;"Vishakha";"Maharashtra";"Mumbai"
324;"Prajakta";"Karnataka";"Bangalore"
325;"Shruti";"Maharashtra";"Mumbai"
326;"Dipali";"Madhya Pradesh";"Indore"
327;"Shreya";"Uttar Pradesh";"Lucknow"
328;"Smriti";"Bihar";"Patna"
329;"Girase";"Kerala ";"Thiruvananthapuram"
330;"Monica";"Punjab";"Chandigarh"
331;"Sidharth";"Maharashtra";"Mumbai"
332;"Bhutekar";"Madhya Pradesh";"Indore"
333;"Shikhar";"Maharashtra";"Mumbai"
334;"Rahul";"Madhya Pradesh";"Indore"
335;"Sudhir";"Nagaland";"Kohima"
336;"Nikhil";"Punjab";"Chandigarh"
337;"Ankit";"Haryana";"Chandigarh"
338;"Shikhar";"Himachal Pradesh";"Simla"
339;"Vineet";"Sikkim";"Gangtok"
340;"Vivek";"Goa";"Goa"
341;"Jaideep";"Nagaland";"Kohima"
342;"Ankur";"Andhra Pradesh";"Hyderabad"
343;"Shardul";"Gujarat";"Ahmedabad"
344;"Syed";"Maharashtra";"Pune"
345;"Mhatre";"Madhya Pradesh";"Indore"
346;"Saurabh";"Andhra Pradesh";"Hyderabad"
347;"Chetan";"Gujarat";"Ahmedabad"
348;"Mukund";"Maharashtra";"Pune"
349;"Shantanu";"Maharashtra";"Mumbai"
350;"Shruti";"Madhya Pradesh";"Indore"
351;"Jesal";"West Bengal";"Kolkata"
352;"Priyanka";"Madhya Pradesh";"Indore"
353;"Krutika";"Andhra Pradesh";"Hyderabad"
354;"Trupti";"Gujarat";"Ahmedabad"
355;"Soumya";"Maharashtra";"Pune"
356;"Shreya";"Maharashtra";"Mumbai"
357;"Mahima";"Madhya Pradesh";"Indore"
358;"Aparajita";"West Bengal";"Kolkata"
359;"Muskan";"Madhya Pradesh";"Indore"
360;"Shreya";"Andhra Pradesh";"Hyderabad"
361;"Surbhi";"Gujarat";"Ahmedabad"
362;"Tejeswini";"Maharashtra";"Pune"
363;"Pratiksha";"Maharashtra";"Mumbai"
364;"Oshin";"Madhya Pradesh";"Indore"
365;"Saloni";"West Bengal";"Kolkata"
366;"Soumya";"Rajasthan";"Udaipur"
367;"Komal";"Uttar Pradesh";"Allahabad"
368;"Paromita";"Punjab";"Amritsar"
369;"Shreyshi";"Gujarat";"Surat"
370;"Rhea";"Maharashtra";"Mumbai"
371;"Mitali";"Madhya Pradesh";"Indore"
372;"Jesslyn";"Rajasthan";"Udaipur"
373;"Seema";"Uttar Pradesh";"Allahabad"
374;"Manisha";"Rajasthan";"Udaipur"
375;"Priyanka";"Uttar Pradesh";"Allahabad"
376;"Piyam";"Punjab";"Amritsar"
377;"Aayushi";"Gujarat";"Surat"
378;"Parin";"Maharashtra";"Mumbai"
380;"Shweta";"Rajasthan";"Udaipur"
381;"Amruta";"Delhi";"Delhi"
382;"Hemangi";"Delhi";"Delhi"
383;"Atul";"Delhi";"Delhi"
385;"Ginny";"Madhya Pradesh";"Indore"
387;"Manjiri";"Delhi";"Delhi"
388;"Nirja";"Delhi";"Delhi"
389;"Anjali";"Delhi";"Delhi"
390;"Mugdha";"Delhi";"Delhi"
391;"Mansi";"Madhya Pradesh";"Indore"
392;"Gaurav";"Rajasthan";"Udaipur"
393;"Harshal";"Delhi";"Delhi"
394;"Omkar";"Delhi";"Delhi"
395;"Yohann";"Delhi";"Delhi"
396;"Prashant";"Delhi";"Delhi"
397;"Yogesh";"Madhya Pradesh";"Indore"
398;"Anmol";"Rajasthan";"Udaipur"
399;"Diwakar";"Delhi";"Delhi"
400;"Shubham";"Delhi";"Delhi"
401;"Patil";"Delhi";"Delhi"
402;"Harsh";"Delhi";"Delhi"
403;"Hitesh";"Madhya Pradesh";"Bhopal"
404;"Nandita";"Rajasthan";"Jaipur"
405;"Parnavi";"West Bengal";"Kolkata"
406;"Arpita";"Karnataka";"Bangalore"
407;"Shubham";"Jammu and Kashmir";"Kashmir"
408;"Kalyani";"Tamil Nadu";"Chennai"
409;"Komal";"Uttar Pradesh";"Lucknow"
410;"Kartikay";"Bihar";"Patna"
464;"Ankita";"Maharashtra";"Mumbai"
